filename,item_id,order,devoiced
101_supershit666_1,1,1,0
101_supershit666_1,1,2,0
101_supershit666_1,1,3,0
101_supershit666_2,2,1,0
101_supershit666_2,2,2,0
101_supershit666_2,2,3,0
101_supershit666_3,3,1,0
101_supershit666_3,3,2,0
101_supershit666_3,3,3,0
101_supershit666_4,4,1,0
101_supershit666_4,4,2,0
101_supershit666_4,4,3,0
101_supershit666_5,5,1,0
101_supershit666_5,5,2,0
101_supershit666_5,5,3,0
101_supershit666_6,6,1,0
101_supershit666_6,6,2,0
101_supershit666_6,6,3,0
101_supershit666_7,7,1,0
101_supershit666_7,7,2,0
101_supershit666_7,7,3,0
101_supershit666_8,8,1,0
101_supershit666_8,8,2,0
101_supershit666_8,8,3,0
105_yutapon1967_1,1,1,0
105_yutapon1967_1,1,2,0
105_yutapon1967_1,1,3,0
105_yutapon1967_2,2,1,0
105_yutapon1967_2,2,2,0
105_yutapon1967_2,2,3,0
105_yutapon1967_3,3,1,0
105_yutapon1967_3,3,2,0
105_yutapon1967_3,3,3,0
105_yutapon1967_4,4,1,0
105_yutapon1967_4,4,2,0
105_yutapon1967_4,4,3,0
105_yutapon1967_5,5,1,0
105_yutapon1967_5,5,2,0
105_yutapon1967_5,5,3,0
105_yutapon1967_6,6,1,0
105_yutapon1967_6,6,2,0
105_yutapon1967_6,6,3,0
105_yutapon1967_7,7,1,0
105_yutapon1967_7,7,2,0
105_yutapon1967_7,7,3,0
105_yutapon1967_8,8,1,0
105_yutapon1967_8,8,2,0
105_yutapon1967_8,8,3,0
107_beko_1,1,1,0
107_beko_1,1,2,0
107_beko_1,1,3,0
107_beko_2,2,1,0
107_beko_2,2,2,0
107_beko_2,2,3,0
107_beko_3,3,1,0
107_beko_3,3,2,0
107_beko_3,3,3,0
107_beko_4,4,1,0
107_beko_4,4,2,0
107_beko_4,4,3,0
107_beko_5,5,1,0
107_beko_5,5,2,0
107_beko_5,5,3,0
107_beko_6,6,1,0
107_beko_6,6,2,0
107_beko_6,6,3,0
107_beko_7,7,1,0
107_beko_7,7,2,0
107_beko_7,7,3,0
107_beko_8,8,1,0
107_beko_8,8,2,0
107_beko_8,8,3,0
108_（たかはし）_1,1,1,0
108_（たかはし）_1,1,2,0
108_（たかはし）_1,1,3,0
108_（たかはし）_2,2,1,0
108_（たかはし）_2,2,2,0
108_（たかはし）_2,2,3,0
108_（たかはし）_3,3,1,0
108_（たかはし）_3,3,2,0
108_（たかはし）_3,3,3,0
108_（たかはし）_4,4,1,0
108_（たかはし）_4,4,2,0
108_（たかはし）_4,4,3,0
108_（たかはし）_5,5,1,0
108_（たかはし）_5,5,2,0
108_（たかはし）_5,5,3,0
108_（たかはし）_6,6,1,0
108_（たかはし）_6,6,2,0
108_（たかはし）_6,6,3,0
108_（たかはし）_7,7,1,0
108_（たかはし）_7,7,2,0
108_（たかはし）_7,7,3,0
108_（たかはし）_8,8,1,0
108_（たかはし）_8,8,2,0
108_（たかはし）_8,8,3,0
109_NAHYRM_1,1,1,1
109_NAHYRM_1,1,2,1
109_NAHYRM_1,1,3,1
109_NAHYRM_2,2,1,1
109_NAHYRM_2,2,2,1
109_NAHYRM_2,2,3,1
109_NAHYRM_3,3,1,0
109_NAHYRM_3,3,2,0
109_NAHYRM_3,3,3,0
109_NAHYRM_4,4,1,1
109_NAHYRM_4,4,2,1
109_NAHYRM_4,4,3,1
109_NAHYRM_5,5,1,0
109_NAHYRM_5,5,2,0
109_NAHYRM_5,5,3,1
109_NAHYRM_6,6,1,1
109_NAHYRM_6,6,2,1
109_NAHYRM_6,6,3,1
109_NAHYRM_7,7,1,0
109_NAHYRM_7,7,2,0
109_NAHYRM_7,7,3,0
109_NAHYRM_8,8,1,0
109_NAHYRM_8,8,2,0
109_NAHYRM_8,8,3,0
10_9002_1,1,1,0
10_9002_1,1,2,0
10_9002_1,1,3,0
10_9002_2,2,1,0
10_9002_2,2,2,0
10_9002_2,2,3,0
10_9002_3,3,1,0
10_9002_3,3,2,0
10_9002_3,3,3,0
10_9002_4,4,1,0
10_9002_4,4,2,0
10_9002_4,4,3,0
10_9002_5,5,1,0
10_9002_5,5,2,0
10_9002_5,5,3,0
10_9002_6,6,1,0
10_9002_6,6,2,0
10_9002_6,6,3,0
10_9002_7,7,1,0
10_9002_7,7,2,0
10_9002_7,7,3,0
10_9002_8,8,1,0
10_9002_8,8,2,0
10_9002_8,8,3,0
10_minmin0214_1,1,1,0
10_minmin0214_1,1,2,0
10_minmin0214_1,1,3,0
10_minmin0214_2,2,1,1
10_minmin0214_2,2,2,0
10_minmin0214_2,2,3,0
10_minmin0214_3,3,1,0
10_minmin0214_3,3,2,0
10_minmin0214_3,3,3,0
10_minmin0214_4,4,1,0
10_minmin0214_4,4,2,0
10_minmin0214_4,4,3,0
10_minmin0214_5,5,1,1
10_minmin0214_5,5,2,1
10_minmin0214_5,5,3,1
10_minmin0214_6,6,1,0
10_minmin0214_6,6,2,0
10_minmin0214_6,6,3,0
10_minmin0214_7,7,1,0
10_minmin0214_7,7,2,1
10_minmin0214_7,7,3,0
10_minmin0214_8,8,1,1
10_minmin0214_8,8,2,1
10_minmin0214_8,8,3,1
117_HanaeKinoshita_1,1,1,0
117_HanaeKinoshita_1,1,2,0
117_HanaeKinoshita_1,1,3,0
117_HanaeKinoshita_2,2,1,0
117_HanaeKinoshita_2,2,2,0
117_HanaeKinoshita_2,2,3,0
117_HanaeKinoshita_3,3,1,0
117_HanaeKinoshita_3,3,2,0
117_HanaeKinoshita_3,3,3,0
117_HanaeKinoshita_4,4,1,0
117_HanaeKinoshita_4,4,2,0
117_HanaeKinoshita_4,4,3,0
117_HanaeKinoshita_5,5,1,0
117_HanaeKinoshita_5,5,2,0
117_HanaeKinoshita_5,5,3,0
117_HanaeKinoshita_6,6,1,0
117_HanaeKinoshita_6,6,2,0
117_HanaeKinoshita_6,6,3,0
117_HanaeKinoshita_7,7,1,0
117_HanaeKinoshita_7,7,2,0
117_HanaeKinoshita_7,7,3,0
117_HanaeKinoshita_8,8,1,0
117_HanaeKinoshita_8,8,2,0
117_HanaeKinoshita_8,8,3,0
11_2000_1,1,1,0
11_2000_1,1,2,0
11_2000_1,1,3,0
11_2000_2,2,1,0
11_2000_2,2,2,0
11_2000_2,2,3,0
11_2000_3,3,1,0
11_2000_3,3,2,0
11_2000_3,3,3,0
11_2000_4,4,1,0
11_2000_4,4,2,0
11_2000_4,4,3,0
11_2000_5,5,1,0
11_2000_5,5,2,0
11_2000_5,5,3,0
11_2000_6,6,1,0
11_2000_6,6,2,0
11_2000_6,6,3,0
11_2000_7,7,1,0
11_2000_7,7,2,0
11_2000_7,7,3,0
11_2000_8,8,1,0
11_2000_8,8,2,0
11_2000_8,8,3,0
127_0007_1,1,1,0
127_0007_1,1,2,0
127_0007_1,1,3,0
127_0007_2,2,1,0
127_0007_2,2,2,0
127_0007_2,2,3,0
127_0007_3,3,1,0
127_0007_3,3,2,0
127_0007_3,3,3,0
127_0007_4,4,1,0
127_0007_4,4,2,0
127_0007_4,4,3,0
127_0007_5,5,1,0
127_0007_5,5,2,0
127_0007_5,5,3,0
127_0007_6,6,1,1
127_0007_6,6,2,1
127_0007_6,6,3,0
127_0007_7,7,1,0
127_0007_7,7,2,0
127_0007_7,7,3,0
127_0007_8,8,1,0
127_0007_8,8,2,0
127_0007_8,8,3,0
128_0009_1,1,1,0
128_0009_1,1,2,0
128_0009_1,1,3,0
128_0009_2,2,1,0
128_0009_2,2,2,1
128_0009_2,2,3,0
128_0009_3,3,1,0
128_0009_3,3,2,0
128_0009_3,3,3,0
128_0009_4,4,1,0
128_0009_4,4,2,0
128_0009_4,4,3,0
128_0009_5,5,1,0
128_0009_5,5,2,0
128_0009_5,5,3,0
128_0009_6,6,1,1
128_0009_6,6,2,1
128_0009_6,6,3,1
128_0009_7,7,1,0
128_0009_7,7,2,0
128_0009_7,7,3,0
128_0009_8,8,1,0
128_0009_8,8,2,0
128_0009_8,8,3,0
12_lcptn15_1,1,1,NA
12_lcptn15_1,1,2,NA
12_lcptn15_1,1,3,NA
12_lcptn15_2,2,1,NA
12_lcptn15_2,2,2,NA
12_lcptn15_2,2,3,NA
12_lcptn15_3,3,1,NA
12_lcptn15_3,3,2,NA
12_lcptn15_3,3,3,NA
12_lcptn15_4,4,1,NA
12_lcptn15_4,4,2,NA
12_lcptn15_4,4,3,NA
12_lcptn15_5,5,1,NA
12_lcptn15_5,5,2,NA
12_lcptn15_5,5,3,NA
12_lcptn15_6,6,1,NA
12_lcptn15_6,6,2,NA
12_lcptn15_6,6,3,NA
12_lcptn15_7,7,1,NA
12_lcptn15_7,7,2,NA
12_lcptn15_7,7,3,NA
12_lcptn15_8,8,1,NA
12_lcptn15_8,8,2,NA
12_lcptn15_8,8,3,NA
131_0008_1,1,1,0
131_0008_1,1,2,0
131_0008_1,1,3,0
131_0008_2,2,1,0
131_0008_2,2,2,0
131_0008_2,2,3,0
131_0008_3,3,1,0
131_0008_3,3,2,0
131_0008_3,3,3,0
131_0008_4,4,1,0
131_0008_4,4,2,0
131_0008_4,4,3,0
131_0008_5,5,1,0
131_0008_5,5,2,0
131_0008_5,5,3,0
131_0008_6,6,1,1
131_0008_6,6,2,1
131_0008_6,6,3,1
131_0008_7,7,1,0
131_0008_7,7,2,0
131_0008_7,7,3,0
131_0008_8,8,1,0
131_0008_8,8,2,0
131_0008_8,8,3,0
135_rag_55_1,1,1,0
135_rag_55_1,1,2,0
135_rag_55_1,1,3,0
135_rag_55_2,2,1,0
135_rag_55_2,2,2,0
135_rag_55_2,2,3,0
135_rag_55_3,3,1,0
135_rag_55_3,3,2,0
135_rag_55_3,3,3,0
135_rag_55_4,4,1,0
135_rag_55_4,4,2,0
135_rag_55_4,4,3,0
135_rag_55_5,5,1,0
135_rag_55_5,5,2,0
135_rag_55_5,5,3,0
135_rag_55_6,6,1,0
135_rag_55_6,6,2,0
135_rag_55_6,6,3,0
135_rag_55_7,7,1,0
135_rag_55_7,7,2,0
135_rag_55_7,7,3,0
135_rag_55_8,8,1,0
135_rag_55_8,8,2,0
135_rag_55_8,8,3,0
136_hyoukai76_1,1,1,0
136_hyoukai76_1,1,2,0
136_hyoukai76_1,1,3,0
136_hyoukai76_2,2,1,0
136_hyoukai76_2,2,2,0
136_hyoukai76_2,2,3,0
136_hyoukai76_3,3,1,0
136_hyoukai76_3,3,2,0
136_hyoukai76_3,3,3,0
136_hyoukai76_4,4,1,0
136_hyoukai76_4,4,2,0
136_hyoukai76_4,4,3,0
136_hyoukai76_5,5,1,0
136_hyoukai76_5,5,2,0
136_hyoukai76_5,5,3,0
136_hyoukai76_6,6,1,0
136_hyoukai76_6,6,2,0
136_hyoukai76_6,6,3,0
136_hyoukai76_7,7,1,0
136_hyoukai76_7,7,2,0
136_hyoukai76_7,7,3,0
136_hyoukai76_8,8,1,0
136_hyoukai76_8,8,2,0
136_hyoukai76_8,8,3,0
139_もちこ79_1,1,1,0
139_もちこ79_1,1,2,0
139_もちこ79_1,1,3,0
139_もちこ79_2,2,1,0
139_もちこ79_2,2,2,0
139_もちこ79_2,2,3,0
139_もちこ79_3,3,1,0
139_もちこ79_3,3,2,0
139_もちこ79_3,3,3,0
139_もちこ79_4,4,1,0
139_もちこ79_4,4,2,0
139_もちこ79_4,4,3,0
139_もちこ79_5,5,1,0
139_もちこ79_5,5,2,0
139_もちこ79_5,5,3,0
139_もちこ79_6,6,1,0
139_もちこ79_6,6,2,0
139_もちこ79_6,6,3,0
139_もちこ79_7,7,1,0
139_もちこ79_7,7,2,0
139_もちこ79_7,7,3,0
139_もちこ79_8,8,1,0
139_もちこ79_8,8,2,0
139_もちこ79_8,8,3,0
143_michiko0257_1,1,1,1
143_michiko0257_1,1,2,1
143_michiko0257_1,1,3,1
143_michiko0257_2,2,1,1
143_michiko0257_2,2,2,1
143_michiko0257_2,2,3,1
143_michiko0257_3,3,1,0
143_michiko0257_3,3,2,0
143_michiko0257_3,3,3,0
143_michiko0257_4,4,1,1
143_michiko0257_4,4,2,1
143_michiko0257_4,4,3,1
143_michiko0257_5,5,1,0
143_michiko0257_5,5,2,0
143_michiko0257_5,5,3,0
143_michiko0257_6,6,1,1
143_michiko0257_6,6,2,1
143_michiko0257_6,6,3,1
143_michiko0257_7,7,1,0
143_michiko0257_7,7,2,0
143_michiko0257_7,7,3,0
143_michiko0257_8,8,1,1
143_michiko0257_8,8,2,1
143_michiko0257_8,8,3,1
147_Weetabix_1,1,1,0
147_Weetabix_1,1,2,0
147_Weetabix_1,1,3,0
147_Weetabix_2,2,1,0
147_Weetabix_2,2,2,0
147_Weetabix_2,2,3,0
147_Weetabix_3,3,1,0
147_Weetabix_3,3,2,0
147_Weetabix_3,3,3,0
147_Weetabix_4,4,1,0
147_Weetabix_4,4,2,0
147_Weetabix_4,4,3,0
147_Weetabix_5,5,1,0
147_Weetabix_5,5,2,0
147_Weetabix_5,5,3,0
147_Weetabix_6,6,1,0
147_Weetabix_6,6,2,0
147_Weetabix_6,6,3,0
147_Weetabix_7,7,1,0
147_Weetabix_7,7,2,0
147_Weetabix_7,7,3,0
147_Weetabix_8,8,1,0
147_Weetabix_8,8,2,0
147_Weetabix_8,8,3,0
148_0006_1,1,1,0
148_0006_1,1,2,0
148_0006_1,1,3,0
148_0006_2,2,1,0
148_0006_2,2,2,0
148_0006_2,2,3,0
148_0006_3,3,1,0
148_0006_3,3,2,0
148_0006_3,3,3,0
148_0006_4,4,1,0
148_0006_4,4,2,0
148_0006_4,4,3,0
148_0006_5,5,1,0
148_0006_5,5,2,0
148_0006_5,5,3,0
148_0006_6,6,1,0
148_0006_6,6,2,0
148_0006_6,6,3,0
148_0006_7,7,1,0
148_0006_7,7,2,0
148_0006_7,7,3,0
148_0006_8,8,1,0
148_0006_8,8,2,0
148_0006_8,8,3,0
148_みゆね_1,1,1,1
148_みゆね_1,1,2,1
148_みゆね_1,1,3,1
148_みゆね_2,2,1,0
148_みゆね_2,2,2,0
148_みゆね_2,2,3,0
148_みゆね_3,3,1,0
148_みゆね_3,3,2,0
148_みゆね_3,3,3,0
148_みゆね_4,4,1,1
148_みゆね_4,4,2,1
148_みゆね_4,4,3,1
148_みゆね_5,5,1,0
148_みゆね_5,5,2,1
148_みゆね_5,5,3,0
148_みゆね_6,6,1,0
148_みゆね_6,6,2,1
148_みゆね_6,6,3,1
148_みゆね_7,7,1,0
148_みゆね_7,7,2,0
148_みゆね_7,7,3,0
148_みゆね_8,8,1,0
148_みゆね_8,8,2,0
148_みゆね_8,8,3,0
149_0005_1,1,1,0
149_0005_1,1,2,0
149_0005_1,1,3,0
149_0005_2,2,1,0
149_0005_2,2,2,0
149_0005_2,2,3,0
149_0005_3,3,1,0
149_0005_3,3,2,0
149_0005_3,3,3,0
149_0005_4,4,1,0
149_0005_4,4,2,0
149_0005_4,4,3,0
149_0005_5,5,1,0
149_0005_5,5,2,0
149_0005_5,5,3,0
149_0005_6,6,1,0
149_0005_6,6,2,0
149_0005_6,6,3,1
149_0005_7,7,1,0
149_0005_7,7,2,0
149_0005_7,7,3,0
149_0005_8,8,1,0
149_0005_8,8,2,0
149_0005_8,8,3,0
14_fwna2149_1,1,1,NA
14_fwna2149_1,1,2,NA
14_fwna2149_1,1,3,NA
14_fwna2149_2,2,1,NA
14_fwna2149_2,2,2,NA
14_fwna2149_2,2,3,NA
14_fwna2149_3,3,1,NA
14_fwna2149_3,3,2,NA
14_fwna2149_3,3,3,NA
14_fwna2149_4,4,1,NA
14_fwna2149_4,4,2,NA
14_fwna2149_4,4,3,NA
14_fwna2149_5,5,1,NA
14_fwna2149_5,5,2,NA
14_fwna2149_5,5,3,NA
14_fwna2149_6,6,1,NA
14_fwna2149_6,6,2,NA
14_fwna2149_6,6,3,NA
14_fwna2149_7,7,1,NA
14_fwna2149_7,7,2,NA
14_fwna2149_7,7,3,NA
14_fwna2149_8,8,1,NA
14_fwna2149_8,8,2,NA
14_fwna2149_8,8,3,NA
151_1008_1,1,1,NA
151_1008_1,1,2,NA
151_1008_1,1,3,NA
151_1008_2,2,1,NA
151_1008_2,2,2,NA
151_1008_2,2,3,NA
151_1008_3,3,1,NA
151_1008_3,3,2,NA
151_1008_3,3,3,NA
151_1008_4,4,1,NA
151_1008_4,4,2,NA
151_1008_4,4,3,NA
151_1008_5,5,1,NA
151_1008_5,5,2,NA
151_1008_5,5,3,NA
151_1008_6,6,1,NA
151_1008_6,6,2,NA
151_1008_6,6,3,NA
151_1008_7,7,1,NA
151_1008_7,7,2,NA
151_1008_7,7,3,NA
151_1008_8,8,1,NA
151_1008_8,8,2,NA
151_1008_8,8,3,NA
152_rurusieru_1,1,1,NA
152_rurusieru_1,1,2,NA
152_rurusieru_1,1,3,NA
152_rurusieru_2,2,1,NA
152_rurusieru_2,2,2,NA
152_rurusieru_2,2,3,NA
152_rurusieru_3,3,1,NA
152_rurusieru_3,3,2,NA
152_rurusieru_3,3,3,NA
152_rurusieru_4,4,1,NA
152_rurusieru_4,4,2,NA
152_rurusieru_4,4,3,NA
152_rurusieru_5,5,1,NA
152_rurusieru_5,5,2,NA
152_rurusieru_5,5,3,NA
152_rurusieru_6,6,1,NA
152_rurusieru_6,6,2,NA
152_rurusieru_6,6,3,NA
152_rurusieru_7,7,1,NA
152_rurusieru_7,7,2,NA
152_rurusieru_7,7,3,NA
152_rurusieru_8,8,1,NA
152_rurusieru_8,8,2,NA
152_rurusieru_8,8,3,NA
154_kojima1204_1,1,1,NA
154_kojima1204_1,1,2,NA
154_kojima1204_1,1,3,NA
154_kojima1204_2,2,1,NA
154_kojima1204_2,2,2,NA
154_kojima1204_2,2,3,NA
154_kojima1204_3,3,1,NA
154_kojima1204_3,3,2,NA
154_kojima1204_3,3,3,NA
154_kojima1204_4,4,1,NA
154_kojima1204_4,4,2,NA
154_kojima1204_4,4,3,NA
154_kojima1204_5,5,1,NA
154_kojima1204_5,5,2,NA
154_kojima1204_5,5,3,NA
154_kojima1204_6,6,1,NA
154_kojima1204_6,6,2,NA
154_kojima1204_6,6,3,NA
154_kojima1204_7,7,1,NA
154_kojima1204_7,7,2,NA
154_kojima1204_7,7,3,NA
154_kojima1204_8,8,1,NA
154_kojima1204_8,8,2,NA
154_kojima1204_8,8,3,NA
159_johnsmith2_1,1,1,NA
159_johnsmith2_1,1,2,NA
159_johnsmith2_1,1,3,NA
159_johnsmith2_2,2,1,NA
159_johnsmith2_2,2,2,NA
159_johnsmith2_2,2,3,NA
159_johnsmith2_3,3,1,NA
159_johnsmith2_3,3,2,NA
159_johnsmith2_3,3,3,NA
159_johnsmith2_4,4,1,NA
159_johnsmith2_4,4,2,NA
159_johnsmith2_4,4,3,NA
159_johnsmith2_5,5,1,NA
159_johnsmith2_5,5,2,NA
159_johnsmith2_5,5,3,NA
159_johnsmith2_6,6,1,NA
159_johnsmith2_6,6,2,NA
159_johnsmith2_6,6,3,NA
159_johnsmith2_7,7,1,NA
159_johnsmith2_7,7,2,NA
159_johnsmith2_7,7,3,NA
159_johnsmith2_8,8,1,NA
159_johnsmith2_8,8,2,NA
159_johnsmith2_8,8,3,NA
161_sayuri0718_1,1,1,NA
161_sayuri0718_1,1,2,NA
161_sayuri0718_1,1,3,NA
161_sayuri0718_2,2,1,NA
161_sayuri0718_2,2,2,NA
161_sayuri0718_2,2,3,NA
161_sayuri0718_3,3,1,NA
161_sayuri0718_3,3,2,NA
161_sayuri0718_3,3,3,NA
161_sayuri0718_4,4,1,NA
161_sayuri0718_4,4,2,NA
161_sayuri0718_4,4,3,NA
161_sayuri0718_5,5,1,NA
161_sayuri0718_5,5,2,NA
161_sayuri0718_5,5,3,NA
161_sayuri0718_6,6,1,NA
161_sayuri0718_6,6,2,NA
161_sayuri0718_6,6,3,NA
161_sayuri0718_7,7,1,NA
161_sayuri0718_7,7,2,NA
161_sayuri0718_7,7,3,NA
161_sayuri0718_8,8,1,NA
161_sayuri0718_8,8,2,NA
161_sayuri0718_8,8,3,NA
165_K,K,1,NA
165_K,K,1,NA
165_K,K,1,NA
165_K,K,1,NA
165_K,K,1,NA
165_K,K,1,NA
165_K,K,1,NA
165_K,K,1,NA
165_K,K,2,NA
165_K,K,2,NA
165_K,K,2,NA
165_K,K,2,NA
165_K,K,2,NA
165_K,K,2,NA
165_K,K,2,NA
165_K,K,2,NA
165_K,K,3,NA
165_K,K,3,NA
165_K,K,3,NA
165_K,K,3,NA
165_K,K,3,NA
165_K,K,3,NA
165_K,K,3,NA
165_K,K,3,NA
167_fukan12_1,1,1,NA
167_fukan12_1,1,2,NA
167_fukan12_1,1,3,NA
167_fukan12_2,2,1,NA
167_fukan12_2,2,2,NA
167_fukan12_2,2,3,NA
167_fukan12_3,3,1,NA
167_fukan12_3,3,2,NA
167_fukan12_3,3,3,NA
167_fukan12_4,4,1,NA
167_fukan12_4,4,2,NA
167_fukan12_4,4,3,NA
167_fukan12_5,5,1,NA
167_fukan12_5,5,2,NA
167_fukan12_5,5,3,NA
167_fukan12_6,6,1,NA
167_fukan12_6,6,2,NA
167_fukan12_6,6,3,NA
167_fukan12_7,7,1,NA
167_fukan12_7,7,2,NA
167_fukan12_7,7,3,NA
167_fukan12_8,8,1,NA
167_fukan12_8,8,2,NA
167_fukan12_8,8,3,NA
170_1003_1,1,1,NA
170_1003_1,1,2,NA
170_1003_1,1,3,NA
170_1003_2,2,1,NA
170_1003_2,2,2,NA
170_1003_2,2,3,NA
170_1003_3,3,1,NA
170_1003_3,3,2,NA
170_1003_3,3,3,NA
170_1003_4,4,1,NA
170_1003_4,4,2,NA
170_1003_4,4,3,NA
170_1003_5,5,1,NA
170_1003_5,5,2,NA
170_1003_5,5,3,NA
170_1003_6,6,1,NA
170_1003_6,6,2,NA
170_1003_6,6,3,NA
170_1003_7,7,1,NA
170_1003_7,7,2,NA
170_1003_7,7,3,NA
170_1003_8,8,1,NA
170_1003_8,8,2,NA
170_1003_8,8,3,NA
176_syuzoku_1,1,1,NA
176_syuzoku_1,1,2,NA
176_syuzoku_1,1,3,NA
176_syuzoku_2,2,1,NA
176_syuzoku_2,2,2,NA
176_syuzoku_2,2,3,NA
176_syuzoku_3,3,1,NA
176_syuzoku_3,3,2,NA
176_syuzoku_3,3,3,NA
176_syuzoku_4,4,1,NA
176_syuzoku_4,4,2,NA
176_syuzoku_4,4,3,NA
176_syuzoku_5,5,1,NA
176_syuzoku_5,5,2,NA
176_syuzoku_5,5,3,NA
176_syuzoku_6,6,1,NA
176_syuzoku_6,6,2,NA
176_syuzoku_6,6,3,NA
176_syuzoku_7,7,1,NA
176_syuzoku_7,7,2,NA
176_syuzoku_7,7,3,NA
176_syuzoku_8,8,1,NA
176_syuzoku_8,8,2,NA
176_syuzoku_8,8,3,NA
177_0010_1,1,1,NA
177_0010_1,1,2,NA
177_0010_1,1,3,NA
177_0010_2,2,1,NA
177_0010_2,2,2,NA
177_0010_2,2,3,NA
177_0010_3,3,1,NA
177_0010_3,3,2,NA
177_0010_3,3,3,NA
177_0010_4,4,1,NA
177_0010_4,4,2,NA
177_0010_4,4,3,NA
177_0010_5,5,1,NA
177_0010_5,5,2,NA
177_0010_5,5,3,NA
177_0010_6,6,1,NA
177_0010_6,6,2,NA
177_0010_6,6,3,NA
177_0010_7,7,1,NA
177_0010_7,7,2,NA
177_0010_7,7,3,NA
177_0010_8,8,1,NA
177_0010_8,8,2,NA
177_0010_8,8,3,NA
181_Ralphy_1,1,1,NA
181_Ralphy_1,1,2,NA
181_Ralphy_1,1,3,NA
181_Ralphy_2,2,1,NA
181_Ralphy_2,2,2,NA
181_Ralphy_2,2,3,NA
181_Ralphy_3,3,1,NA
181_Ralphy_3,3,2,NA
181_Ralphy_3,3,3,NA
181_Ralphy_4,4,1,NA
181_Ralphy_4,4,2,NA
181_Ralphy_4,4,3,NA
181_Ralphy_5,5,1,NA
181_Ralphy_5,5,2,NA
181_Ralphy_5,5,3,NA
181_Ralphy_6,6,1,NA
181_Ralphy_6,6,2,NA
181_Ralphy_6,6,3,NA
181_Ralphy_7,7,1,NA
181_Ralphy_7,7,2,NA
181_Ralphy_7,7,3,NA
181_Ralphy_8,8,1,NA
181_Ralphy_8,8,2,NA
181_Ralphy_8,8,3,NA
189_てだ２００_1,1,1,NA
189_てだ２００_1,1,2,NA
189_てだ２００_1,1,3,NA
189_てだ２００_2,2,1,NA
189_てだ２００_2,2,2,NA
189_てだ２００_2,2,3,NA
189_てだ２００_3,3,1,NA
189_てだ２００_3,3,2,NA
189_てだ２００_3,3,3,NA
189_てだ２００_4,4,1,NA
189_てだ２００_4,4,2,NA
189_てだ２００_4,4,3,NA
189_てだ２００_5,5,1,NA
189_てだ２００_5,5,2,NA
189_てだ２００_5,5,3,NA
189_てだ２００_6,6,1,NA
189_てだ２００_6,6,2,NA
189_てだ２００_6,6,3,NA
189_てだ２００_7,7,1,NA
189_てだ２００_7,7,2,NA
189_てだ２００_7,7,3,NA
189_てだ２００_8,8,1,NA
189_てだ２００_8,8,2,NA
189_てだ２００_8,8,3,NA
191_kxc1205_1,1,1,NA
191_kxc1205_1,1,2,NA
191_kxc1205_1,1,3,NA
191_kxc1205_2,2,1,NA
191_kxc1205_2,2,2,NA
191_kxc1205_2,2,3,NA
191_kxc1205_3,3,1,NA
191_kxc1205_3,3,2,NA
191_kxc1205_3,3,3,NA
191_kxc1205_4,4,1,NA
191_kxc1205_4,4,2,NA
191_kxc1205_4,4,3,NA
191_kxc1205_5,5,1,NA
191_kxc1205_5,5,2,NA
191_kxc1205_5,5,3,NA
191_kxc1205_6,6,1,NA
191_kxc1205_6,6,2,NA
191_kxc1205_6,6,3,NA
191_kxc1205_7,7,1,NA
191_kxc1205_7,7,2,NA
191_kxc1205_7,7,3,NA
191_kxc1205_8,8,1,NA
191_kxc1205_8,8,2,NA
191_kxc1205_8,8,3,NA
196_スイートバジル_1,1,1,NA
196_スイートバジル_1,1,2,NA
196_スイートバジル_1,1,3,NA
196_スイートバジル_2,2,1,NA
196_スイートバジル_2,2,2,NA
196_スイートバジル_2,2,3,NA
196_スイートバジル_3,3,1,NA
196_スイートバジル_3,3,2,NA
196_スイートバジル_3,3,3,NA
196_スイートバジル_4,4,1,NA
196_スイートバジル_4,4,2,NA
196_スイートバジル_4,4,3,NA
196_スイートバジル_5,5,1,NA
196_スイートバジル_5,5,2,NA
196_スイートバジル_5,5,3,NA
196_スイートバジル_6,6,1,NA
196_スイートバジル_6,6,2,NA
196_スイートバジル_6,6,3,NA
196_スイートバジル_7,7,1,NA
196_スイートバジル_7,7,2,NA
196_スイートバジル_7,7,3,NA
196_スイートバジル_8,8,1,NA
196_スイートバジル_8,8,2,NA
196_スイートバジル_8,8,3,NA
199_coincidence_1,1,1,NA
199_coincidence_1,1,2,NA
199_coincidence_1,1,3,NA
199_coincidence_2,2,1,NA
199_coincidence_2,2,2,NA
199_coincidence_2,2,3,NA
199_coincidence_3,3,1,NA
199_coincidence_3,3,2,NA
199_coincidence_3,3,3,NA
199_coincidence_4,4,1,NA
199_coincidence_4,4,2,NA
199_coincidence_4,4,3,NA
199_coincidence_5,5,1,NA
199_coincidence_5,5,2,NA
199_coincidence_5,5,3,NA
199_coincidence_6,6,1,NA
199_coincidence_6,6,2,NA
199_coincidence_6,6,3,NA
199_coincidence_7,7,1,NA
199_coincidence_7,7,2,NA
199_coincidence_7,7,3,NA
199_coincidence_8,8,1,NA
199_coincidence_8,8,2,NA
199_coincidence_8,8,3,NA
19_k0s9y2t9_1,1,1,NA
19_k0s9y2t9_1,1,2,NA
19_k0s9y2t9_1,1,3,NA
19_k0s9y2t9_2,2,1,NA
19_k0s9y2t9_2,2,2,NA
19_k0s9y2t9_2,2,3,NA
19_k0s9y2t9_3,3,1,NA
19_k0s9y2t9_3,3,2,NA
19_k0s9y2t9_3,3,3,NA
19_k0s9y2t9_4,4,1,NA
19_k0s9y2t9_4,4,2,NA
19_k0s9y2t9_4,4,3,NA
19_k0s9y2t9_5,5,1,NA
19_k0s9y2t9_5,5,2,NA
19_k0s9y2t9_5,5,3,NA
19_k0s9y2t9_6,6,1,NA
19_k0s9y2t9_6,6,2,NA
19_k0s9y2t9_6,6,3,NA
19_k0s9y2t9_7,7,1,NA
19_k0s9y2t9_7,7,2,NA
19_k0s9y2t9_7,7,3,NA
19_k0s9y2t9_8,8,1,NA
19_k0s9y2t9_8,8,2,NA
19_k0s9y2t9_8,8,3,NA
204_sr15_1,1,1,NA
204_sr15_1,1,2,NA
204_sr15_1,1,3,NA
204_sr15_2,2,1,NA
204_sr15_2,2,2,NA
204_sr15_2,2,3,NA
204_sr15_3,3,1,NA
204_sr15_3,3,2,NA
204_sr15_3,3,3,NA
204_sr15_4,4,1,NA
204_sr15_4,4,2,NA
204_sr15_4,4,3,NA
204_sr15_5,5,1,NA
204_sr15_5,5,2,NA
204_sr15_5,5,3,NA
204_sr15_6,6,1,NA
204_sr15_6,6,2,NA
204_sr15_6,6,3,NA
204_sr15_7,7,1,NA
204_sr15_7,7,2,NA
204_sr15_7,7,3,NA
204_sr15_8,8,1,NA
204_sr15_8,8,2,NA
204_sr15_8,8,3,NA
206_keita_1,1,1,NA
206_keita_1,1,2,NA
206_keita_1,1,3,NA
206_keita_2,2,1,NA
206_keita_2,2,2,NA
206_keita_2,2,3,NA
206_keita_3,3,1,NA
206_keita_3,3,2,NA
206_keita_3,3,3,NA
206_keita_4,4,1,NA
206_keita_4,4,2,NA
206_keita_4,4,3,NA
206_keita_5,5,1,NA
206_keita_5,5,2,NA
206_keita_5,5,3,NA
206_keita_6,6,1,NA
206_keita_6,6,2,NA
206_keita_6,6,3,NA
206_keita_7,7,1,NA
206_keita_7,7,2,NA
206_keita_7,7,3,NA
206_keita_8,8,1,NA
206_keita_8,8,2,NA
206_keita_8,8,3,NA
211_1takuya1_1,1,1,NA
211_1takuya1_1,1,2,NA
211_1takuya1_1,1,3,NA
211_1takuya1_2,2,1,NA
211_1takuya1_2,2,2,NA
211_1takuya1_2,2,3,NA
211_1takuya1_3,3,1,NA
211_1takuya1_3,3,2,NA
211_1takuya1_3,3,3,NA
211_1takuya1_4,4,1,NA
211_1takuya1_4,4,2,NA
211_1takuya1_4,4,3,NA
211_1takuya1_5,5,1,NA
211_1takuya1_5,5,2,NA
211_1takuya1_5,5,3,NA
211_1takuya1_6,6,1,NA
211_1takuya1_6,6,2,NA
211_1takuya1_6,6,3,NA
211_1takuya1_7,7,1,NA
211_1takuya1_7,7,2,NA
211_1takuya1_7,7,3,NA
211_1takuya1_8,8,1,NA
211_1takuya1_8,8,2,NA
211_1takuya1_8,8,3,NA
227_miru_1,1,1,NA
227_miru_1,1,2,NA
227_miru_1,1,3,NA
227_miru_2,2,1,NA
227_miru_2,2,2,NA
227_miru_2,2,3,NA
227_miru_3,3,1,NA
227_miru_3,3,2,NA
227_miru_3,3,3,NA
227_miru_4,4,1,NA
227_miru_4,4,2,NA
227_miru_4,4,3,NA
227_miru_5,5,1,NA
227_miru_5,5,2,NA
227_miru_5,5,3,NA
227_miru_6,6,1,NA
227_miru_6,6,2,NA
227_miru_6,6,3,NA
227_miru_7,7,1,NA
227_miru_7,7,2,NA
227_miru_7,7,3,NA
227_miru_8,8,1,NA
227_miru_8,8,2,NA
227_miru_8,8,3,NA
230_oukasalve_1,1,1,NA
230_oukasalve_1,1,2,NA
230_oukasalve_1,1,3,NA
230_oukasalve_2,2,1,NA
230_oukasalve_2,2,2,NA
230_oukasalve_2,2,3,NA
230_oukasalve_3,3,1,NA
230_oukasalve_3,3,2,NA
230_oukasalve_3,3,3,NA
230_oukasalve_4,4,1,NA
230_oukasalve_4,4,2,NA
230_oukasalve_4,4,3,NA
230_oukasalve_5,5,1,NA
230_oukasalve_5,5,2,NA
230_oukasalve_5,5,3,NA
230_oukasalve_6,6,1,NA
230_oukasalve_6,6,2,NA
230_oukasalve_6,6,3,NA
230_oukasalve_7,7,1,NA
230_oukasalve_7,7,2,NA
230_oukasalve_7,7,3,NA
230_oukasalve_8,8,1,NA
230_oukasalve_8,8,2,NA
230_oukasalve_8,8,3,NA
231_nyao20_1,1,1,NA
231_nyao20_1,1,2,NA
231_nyao20_1,1,3,NA
231_nyao20_2,2,1,NA
231_nyao20_2,2,2,NA
231_nyao20_2,2,3,NA
231_nyao20_3,3,1,NA
231_nyao20_3,3,2,NA
231_nyao20_3,3,3,NA
231_nyao20_4,4,1,NA
231_nyao20_4,4,2,NA
231_nyao20_4,4,3,NA
231_nyao20_5,5,1,NA
231_nyao20_5,5,2,NA
231_nyao20_5,5,3,NA
231_nyao20_6,6,1,NA
231_nyao20_6,6,2,NA
231_nyao20_6,6,3,NA
231_nyao20_7,7,1,NA
231_nyao20_7,7,2,NA
231_nyao20_7,7,3,NA
231_nyao20_8,8,1,NA
231_nyao20_8,8,2,NA
231_nyao20_8,8,3,NA
23_0002_1,1,1,NA
23_0002_1,1,2,NA
23_0002_1,1,3,NA
23_0002_2,2,1,NA
23_0002_2,2,2,NA
23_0002_2,2,3,NA
23_0002_3,3,1,NA
23_0002_3,3,2,NA
23_0002_3,3,3,NA
23_0002_4,4,1,NA
23_0002_4,4,2,NA
23_0002_4,4,3,NA
23_0002_5,5,1,NA
23_0002_5,5,2,NA
23_0002_5,5,3,NA
23_0002_6,6,1,NA
23_0002_6,6,2,NA
23_0002_6,6,3,NA
23_0002_7,7,1,NA
23_0002_7,7,2,NA
23_0002_7,7,3,NA
23_0002_8,8,1,NA
23_0002_8,8,2,NA
23_0002_8,8,3,NA
243_tomjelly_1,1,1,NA
243_tomjelly_1,1,2,NA
243_tomjelly_1,1,3,NA
243_tomjelly_2,2,1,NA
243_tomjelly_2,2,2,NA
243_tomjelly_2,2,3,NA
243_tomjelly_3,3,1,NA
243_tomjelly_3,3,2,NA
243_tomjelly_3,3,3,NA
243_tomjelly_4,4,1,NA
243_tomjelly_4,4,2,NA
243_tomjelly_4,4,3,NA
243_tomjelly_5,5,1,NA
243_tomjelly_5,5,2,NA
243_tomjelly_5,5,3,NA
243_tomjelly_6,6,1,NA
243_tomjelly_6,6,2,NA
243_tomjelly_6,6,3,NA
243_tomjelly_7,7,1,NA
243_tomjelly_7,7,2,NA
243_tomjelly_7,7,3,NA
243_tomjelly_8,8,1,NA
243_tomjelly_8,8,2,NA
243_tomjelly_8,8,3,NA
244_D13-CREATIVE_1,1,1,NA
244_D13-CREATIVE_1,1,2,NA
244_D13-CREATIVE_1,1,3,NA
244_D13-CREATIVE_2,2,1,NA
244_D13-CREATIVE_2,2,2,NA
244_D13-CREATIVE_2,2,3,NA
244_D13-CREATIVE_3,3,1,NA
244_D13-CREATIVE_3,3,2,NA
244_D13-CREATIVE_3,3,3,NA
244_D13-CREATIVE_4,4,1,NA
244_D13-CREATIVE_4,4,2,NA
244_D13-CREATIVE_4,4,3,NA
244_D13-CREATIVE_5,5,1,NA
244_D13-CREATIVE_5,5,2,NA
244_D13-CREATIVE_5,5,3,NA
244_D13-CREATIVE_6,6,1,NA
244_D13-CREATIVE_6,6,2,NA
244_D13-CREATIVE_6,6,3,NA
244_D13-CREATIVE_7,7,1,NA
244_D13-CREATIVE_7,7,2,NA
244_D13-CREATIVE_7,7,3,NA
244_D13-CREATIVE_8,8,1,NA
244_D13-CREATIVE_8,8,2,NA
244_D13-CREATIVE_8,8,3,NA
249_パテマ_1,1,1,NA
249_パテマ_1,1,2,NA
249_パテマ_1,1,3,NA
249_パテマ_2,2,1,NA
249_パテマ_2,2,2,NA
249_パテマ_2,2,3,NA
249_パテマ_3,3,1,NA
249_パテマ_3,3,2,NA
249_パテマ_3,3,3,NA
249_パテマ_4,4,1,NA
249_パテマ_4,4,2,NA
249_パテマ_4,4,3,NA
249_パテマ_5,5,1,NA
249_パテマ_5,5,2,NA
249_パテマ_5,5,3,NA
249_パテマ_6,6,1,NA
249_パテマ_6,6,2,NA
249_パテマ_6,6,3,NA
249_パテマ_7,7,1,NA
249_パテマ_7,7,2,NA
249_パテマ_7,7,3,NA
249_パテマ_8,8,1,NA
249_パテマ_8,8,2,NA
249_パテマ_8,8,3,NA
24_0003_1,1,1,NA
24_0003_1,1,2,NA
24_0003_1,1,3,NA
24_0003_2,2,1,NA
24_0003_2,2,2,NA
24_0003_2,2,3,NA
24_0003_3,3,1,NA
24_0003_3,3,2,NA
24_0003_3,3,3,NA
24_0003_4,4,1,NA
24_0003_4,4,2,NA
24_0003_4,4,3,NA
24_0003_5,5,1,NA
24_0003_5,5,2,NA
24_0003_5,5,3,NA
24_0003_6,6,1,NA
24_0003_6,6,2,NA
24_0003_6,6,3,NA
24_0003_7,7,1,NA
24_0003_7,7,2,NA
24_0003_7,7,3,NA
24_0003_8,8,1,NA
24_0003_8,8,2,NA
24_0003_8,8,3,NA
254_sx72be85_1,1,1,NA
254_sx72be85_1,1,2,NA
254_sx72be85_1,1,3,NA
254_sx72be85_2,2,1,NA
254_sx72be85_2,2,2,NA
254_sx72be85_2,2,3,NA
254_sx72be85_3,3,1,NA
254_sx72be85_3,3,2,NA
254_sx72be85_3,3,3,NA
254_sx72be85_4,4,1,NA
254_sx72be85_4,4,2,NA
254_sx72be85_4,4,3,NA
254_sx72be85_5,5,1,NA
254_sx72be85_5,5,2,NA
254_sx72be85_5,5,3,NA
254_sx72be85_6,6,1,NA
254_sx72be85_6,6,2,NA
254_sx72be85_6,6,3,NA
254_sx72be85_7,7,1,NA
254_sx72be85_7,7,2,NA
254_sx72be85_7,7,3,NA
254_sx72be85_8,8,1,NA
254_sx72be85_8,8,2,NA
254_sx72be85_8,8,3,NA
25_0001_1,1,1,NA
25_0001_1,1,2,NA
25_0001_1,1,3,NA
25_0001_2,2,1,NA
25_0001_2,2,2,NA
25_0001_2,2,3,NA
25_0001_3,3,1,NA
25_0001_3,3,2,NA
25_0001_3,3,3,NA
25_0001_4,4,1,NA
25_0001_4,4,2,NA
25_0001_4,4,3,NA
25_0001_5,5,1,NA
25_0001_5,5,2,NA
25_0001_5,5,3,NA
25_0001_6,6,1,NA
25_0001_6,6,2,NA
25_0001_6,6,3,NA
25_0001_7,7,1,NA
25_0001_7,7,2,NA
25_0001_7,7,3,NA
25_0001_8,8,1,NA
25_0001_8,8,2,NA
25_0001_8,8,3,NA
260_Hideki032_1,1,1,NA
260_Hideki032_1,1,2,NA
260_Hideki032_1,1,3,NA
260_Hideki032_2,2,1,NA
260_Hideki032_2,2,2,NA
260_Hideki032_2,2,3,NA
260_Hideki032_3,3,1,NA
260_Hideki032_3,3,2,NA
260_Hideki032_3,3,3,NA
260_Hideki032_4,4,1,NA
260_Hideki032_4,4,2,NA
260_Hideki032_4,4,3,NA
260_Hideki032_5,5,1,NA
260_Hideki032_5,5,2,NA
260_Hideki032_5,5,3,NA
260_Hideki032_6,6,1,NA
260_Hideki032_6,6,2,NA
260_Hideki032_6,6,3,NA
260_Hideki032_7,7,1,NA
260_Hideki032_7,7,2,NA
260_Hideki032_7,7,3,NA
260_Hideki032_8,8,1,NA
260_Hideki032_8,8,2,NA
260_Hideki032_8,8,3,NA
266_MYTS31_1,1,1,NA
266_MYTS31_1,1,2,NA
266_MYTS31_1,1,3,NA
266_MYTS31_2,2,1,NA
266_MYTS31_2,2,2,NA
266_MYTS31_2,2,3,NA
266_MYTS31_3,3,1,NA
266_MYTS31_3,3,2,NA
266_MYTS31_3,3,3,NA
266_MYTS31_4,4,1,NA
266_MYTS31_4,4,2,NA
266_MYTS31_4,4,3,NA
266_MYTS31_5,5,1,NA
266_MYTS31_5,5,2,NA
266_MYTS31_5,5,3,NA
266_MYTS31_6,6,1,NA
266_MYTS31_6,6,2,NA
266_MYTS31_6,6,3,NA
266_MYTS31_7,7,1,NA
266_MYTS31_7,7,2,NA
266_MYTS31_7,7,3,NA
266_MYTS31_8,8,1,NA
266_MYTS31_8,8,2,NA
266_MYTS31_8,8,3,NA
26_1001_1,1,1,NA
26_1001_1,1,2,NA
26_1001_1,1,3,NA
26_1001_2,2,1,NA
26_1001_2,2,2,NA
26_1001_2,2,3,NA
26_1001_3,3,1,NA
26_1001_3,3,2,NA
26_1001_3,3,3,NA
26_1001_4,4,1,NA
26_1001_4,4,2,NA
26_1001_4,4,3,NA
26_1001_5,5,1,NA
26_1001_5,5,2,NA
26_1001_5,5,3,NA
26_1001_6,6,1,NA
26_1001_6,6,2,NA
26_1001_6,6,3,NA
26_1001_7,7,1,NA
26_1001_7,7,2,NA
26_1001_7,7,3,NA
26_1001_8,8,1,NA
26_1001_8,8,2,NA
26_1001_8,8,3,NA
271_matsumura_1,1,1,NA
271_matsumura_1,1,2,NA
271_matsumura_1,1,3,NA
271_matsumura_2,2,1,NA
271_matsumura_2,2,2,NA
271_matsumura_2,2,3,NA
271_matsumura_3,3,1,NA
271_matsumura_3,3,2,NA
271_matsumura_3,3,3,NA
271_matsumura_4,4,1,NA
271_matsumura_4,4,2,NA
271_matsumura_4,4,3,NA
271_matsumura_5,5,1,NA
271_matsumura_5,5,2,NA
271_matsumura_5,5,3,NA
271_matsumura_6,6,1,NA
271_matsumura_6,6,2,NA
271_matsumura_6,6,3,NA
271_matsumura_7,7,1,NA
271_matsumura_7,7,2,NA
271_matsumura_7,7,3,NA
271_matsumura_8,8,1,NA
271_matsumura_8,8,2,NA
271_matsumura_8,8,3,NA
279_ritzntm_1,1,1,NA
279_ritzntm_1,1,2,NA
279_ritzntm_1,1,3,NA
279_ritzntm_2,2,1,NA
279_ritzntm_2,2,2,NA
279_ritzntm_2,2,3,NA
279_ritzntm_3,3,1,NA
279_ritzntm_3,3,2,NA
279_ritzntm_3,3,3,NA
279_ritzntm_4,4,1,NA
279_ritzntm_4,4,2,NA
279_ritzntm_4,4,3,NA
279_ritzntm_5,5,1,NA
279_ritzntm_5,5,2,NA
279_ritzntm_5,5,3,NA
279_ritzntm_6,6,1,NA
279_ritzntm_6,6,2,NA
279_ritzntm_6,6,3,NA
279_ritzntm_7,7,1,NA
279_ritzntm_7,7,2,NA
279_ritzntm_7,7,3,NA
279_ritzntm_8,8,1,NA
279_ritzntm_8,8,2,NA
279_ritzntm_8,8,3,NA
287_koga1127_1,1,1,NA
287_koga1127_1,1,2,NA
287_koga1127_1,1,3,NA
287_koga1127_2,2,1,NA
287_koga1127_2,2,2,NA
287_koga1127_2,2,3,NA
287_koga1127_3,3,1,NA
287_koga1127_3,3,2,NA
287_koga1127_3,3,3,NA
287_koga1127_4,4,1,NA
287_koga1127_4,4,2,NA
287_koga1127_4,4,3,NA
287_koga1127_5,5,1,NA
287_koga1127_5,5,2,NA
287_koga1127_5,5,3,NA
287_koga1127_6,6,1,NA
287_koga1127_6,6,2,NA
287_koga1127_6,6,3,NA
287_koga1127_7,7,1,NA
287_koga1127_7,7,2,NA
287_koga1127_7,7,3,NA
287_koga1127_8,8,1,NA
287_koga1127_8,8,2,NA
287_koga1127_8,8,3,NA
30_matumura554_1,1,1,NA
30_matumura554_1,1,2,NA
30_matumura554_1,1,3,NA
30_matumura554_2,2,1,NA
30_matumura554_2,2,2,NA
30_matumura554_2,2,3,NA
30_matumura554_3,3,1,NA
30_matumura554_3,3,2,NA
30_matumura554_3,3,3,NA
30_matumura554_4,4,1,NA
30_matumura554_4,4,2,NA
30_matumura554_4,4,3,NA
30_matumura554_5,5,1,NA
30_matumura554_5,5,2,NA
30_matumura554_5,5,3,NA
30_matumura554_6,6,1,NA
30_matumura554_6,6,2,NA
30_matumura554_6,6,3,NA
30_matumura554_7,7,1,NA
30_matumura554_7,7,2,NA
30_matumura554_7,7,3,NA
30_matumura554_8,8,1,NA
30_matumura554_8,8,2,NA
30_matumura554_8,8,3,NA
31_mghsq_1,1,1,NA
31_mghsq_1,1,2,NA
31_mghsq_1,1,3,NA
31_mghsq_2,2,1,NA
31_mghsq_2,2,2,NA
31_mghsq_2,2,3,NA
31_mghsq_3,3,1,NA
31_mghsq_3,3,2,NA
31_mghsq_3,3,3,NA
31_mghsq_4,4,1,NA
31_mghsq_4,4,2,NA
31_mghsq_4,4,3,NA
31_mghsq_5,5,1,NA
31_mghsq_5,5,2,NA
31_mghsq_5,5,3,NA
31_mghsq_6,6,1,NA
31_mghsq_6,6,2,NA
31_mghsq_6,6,3,NA
31_mghsq_7,7,1,NA
31_mghsq_7,7,2,NA
31_mghsq_7,7,3,NA
31_mghsq_8,8,1,NA
31_mghsq_8,8,2,NA
31_mghsq_8,8,3,NA
32_w,w,1,NA
32_w,w,1,NA
32_w,w,1,NA
32_w,w,1,NA
32_w,w,1,NA
32_w,w,1,NA
32_w,w,1,NA
32_w,w,1,NA
32_w,w,2,NA
32_w,w,2,NA
32_w,w,2,NA
32_w,w,2,NA
32_w,w,2,NA
32_w,w,2,NA
32_w,w,2,NA
32_w,w,2,NA
32_w,w,3,NA
32_w,w,3,NA
32_w,w,3,NA
32_w,w,3,NA
32_w,w,3,NA
32_w,w,3,NA
32_w,w,3,NA
32_w,w,3,NA
34_1004_1,1,1,NA
34_1004_1,1,2,NA
34_1004_1,1,3,NA
34_1004_2,2,1,NA
34_1004_2,2,2,NA
34_1004_2,2,3,NA
34_1004_3,3,1,NA
34_1004_3,3,2,NA
34_1004_3,3,3,NA
34_1004_4,4,1,NA
34_1004_4,4,2,NA
34_1004_4,4,3,NA
34_1004_5,5,1,NA
34_1004_5,5,2,NA
34_1004_5,5,3,NA
34_1004_6,6,1,NA
34_1004_6,6,2,NA
34_1004_6,6,3,NA
34_1004_7,7,1,NA
34_1004_7,7,2,NA
34_1004_7,7,3,NA
34_1004_8,8,1,NA
34_1004_8,8,2,NA
34_1004_8,8,3,NA
34_mikib941_1,1,1,NA
34_mikib941_1,1,2,NA
34_mikib941_1,1,3,NA
34_mikib941_2,2,1,NA
34_mikib941_2,2,2,NA
34_mikib941_2,2,3,NA
34_mikib941_3,3,1,NA
34_mikib941_3,3,2,NA
34_mikib941_3,3,3,NA
34_mikib941_4,4,1,NA
34_mikib941_4,4,2,NA
34_mikib941_4,4,3,NA
34_mikib941_5,5,1,NA
34_mikib941_5,5,2,NA
34_mikib941_5,5,3,NA
34_mikib941_6,6,1,NA
34_mikib941_6,6,2,NA
34_mikib941_6,6,3,NA
34_mikib941_7,7,1,NA
34_mikib941_7,7,2,NA
34_mikib941_7,7,3,NA
34_mikib941_8,8,1,NA
34_mikib941_8,8,2,NA
34_mikib941_8,8,3,NA
36_1002_1,1,1,NA
36_1002_1,1,2,NA
36_1002_1,1,3,NA
36_1002_2,2,1,NA
36_1002_2,2,2,NA
36_1002_2,2,3,NA
36_1002_3,3,1,NA
36_1002_3,3,2,NA
36_1002_3,3,3,NA
36_1002_4,4,1,NA
36_1002_4,4,2,NA
36_1002_4,4,3,NA
36_1002_5,5,1,NA
36_1002_5,5,2,NA
36_1002_5,5,3,NA
36_1002_6,6,1,NA
36_1002_6,6,2,NA
36_1002_6,6,3,NA
36_1002_7,7,1,NA
36_1002_7,7,2,NA
36_1002_7,7,3,NA
36_1002_8,8,1,NA
36_1002_8,8,2,NA
36_1002_8,8,3,NA
3_9003_1,1,1,NA
3_9003_1,1,2,NA
3_9003_1,1,3,NA
3_9003_2,2,1,NA
3_9003_2,2,2,NA
3_9003_2,2,3,NA
3_9003_3,3,1,NA
3_9003_3,3,2,NA
3_9003_3,3,3,NA
3_9003_4,4,1,NA
3_9003_4,4,2,NA
3_9003_4,4,3,NA
3_9003_5,5,1,NA
3_9003_5,5,2,NA
3_9003_5,5,3,NA
3_9003_6,6,1,NA
3_9003_6,6,2,NA
3_9003_6,6,3,NA
3_9003_7,7,1,NA
3_9003_7,7,2,NA
3_9003_7,7,3,NA
3_9003_8,8,1,NA
3_9003_8,8,2,NA
3_9003_8,8,3,NA
45_りりなりこ_1,1,1,NA
45_りりなりこ_1,1,2,NA
45_りりなりこ_1,1,3,NA
45_りりなりこ_2,2,1,NA
45_りりなりこ_2,2,2,NA
45_りりなりこ_2,2,3,NA
45_りりなりこ_3,3,1,NA
45_りりなりこ_3,3,2,NA
45_りりなりこ_3,3,3,NA
45_りりなりこ_4,4,1,NA
45_りりなりこ_4,4,2,NA
45_りりなりこ_4,4,3,NA
45_りりなりこ_5,5,1,NA
45_りりなりこ_5,5,2,NA
45_りりなりこ_5,5,3,NA
45_りりなりこ_6,6,1,NA
45_りりなりこ_6,6,2,NA
45_りりなりこ_6,6,3,NA
45_りりなりこ_7,7,1,NA
45_りりなりこ_7,7,2,NA
45_りりなりこ_7,7,3,NA
45_りりなりこ_8,8,1,NA
45_りりなりこ_8,8,2,NA
45_りりなりこ_8,8,3,NA
54_大阪城_1,1,1,NA
54_大阪城_1,1,2,NA
54_大阪城_1,1,3,NA
54_大阪城_2,2,1,NA
54_大阪城_2,2,2,NA
54_大阪城_2,2,3,NA
54_大阪城_3,3,1,NA
54_大阪城_3,3,2,NA
54_大阪城_3,3,3,NA
54_大阪城_4,4,1,NA
54_大阪城_4,4,2,NA
54_大阪城_4,4,3,NA
54_大阪城_5,5,1,NA
54_大阪城_5,5,2,NA
54_大阪城_5,5,3,NA
54_大阪城_6,6,1,NA
54_大阪城_6,6,2,NA
54_大阪城_6,6,3,NA
54_大阪城_7,7,1,NA
54_大阪城_7,7,2,NA
54_大阪城_7,7,3,NA
54_大阪城_8,8,1,NA
54_大阪城_8,8,2,NA
54_大阪城_8,8,3,NA
63_halifox_1,1,1,NA
63_halifox_1,1,2,NA
63_halifox_1,1,3,NA
63_halifox_2,2,1,NA
63_halifox_2,2,2,NA
63_halifox_2,2,3,NA
63_halifox_3,3,1,NA
63_halifox_3,3,2,NA
63_halifox_3,3,3,NA
63_halifox_4,4,1,NA
63_halifox_4,4,2,NA
63_halifox_4,4,3,NA
63_halifox_5,5,1,NA
63_halifox_5,5,2,NA
63_halifox_5,5,3,NA
63_halifox_6,6,1,NA
63_halifox_6,6,2,NA
63_halifox_6,6,3,NA
63_halifox_7,7,1,NA
63_halifox_7,7,2,NA
63_halifox_7,7,3,NA
63_halifox_8,8,1,NA
63_halifox_8,8,2,NA
63_halifox_8,8,3,NA
67_tumetume_1,1,1,NA
67_tumetume_1,1,2,NA
67_tumetume_1,1,3,NA
67_tumetume_2,2,1,NA
67_tumetume_2,2,2,NA
67_tumetume_2,2,3,NA
67_tumetume_3,3,1,NA
67_tumetume_3,3,2,NA
67_tumetume_3,3,3,NA
67_tumetume_4,4,1,NA
67_tumetume_4,4,2,NA
67_tumetume_4,4,3,NA
67_tumetume_5,5,1,NA
67_tumetume_5,5,2,NA
67_tumetume_5,5,3,NA
67_tumetume_6,6,1,NA
67_tumetume_6,6,2,NA
67_tumetume_6,6,3,NA
67_tumetume_7,7,1,NA
67_tumetume_7,7,2,NA
67_tumetume_7,7,3,NA
67_tumetume_8,8,1,NA
67_tumetume_8,8,2,NA
67_tumetume_8,8,3,NA
70_0002_1,1,1,NA
70_0002_1,1,2,NA
70_0002_1,1,3,NA
70_0002_2,2,1,NA
70_0002_2,2,2,NA
70_0002_2,2,3,NA
70_0002_3,3,1,NA
70_0002_3,3,2,NA
70_0002_3,3,3,NA
70_0002_4,4,1,NA
70_0002_4,4,2,NA
70_0002_4,4,3,NA
70_0002_5,5,1,NA
70_0002_5,5,2,NA
70_0002_5,5,3,NA
70_0002_6,6,1,NA
70_0002_6,6,2,NA
70_0002_6,6,3,NA
70_0002_7,7,1,NA
70_0002_7,7,2,NA
70_0002_7,7,3,NA
70_0002_8,8,1,NA
70_0002_8,8,2,NA
70_0002_8,8,3,NA
71_1005_1,1,1,NA
71_1005_1,1,2,NA
71_1005_1,1,3,NA
71_1005_2,2,1,NA
71_1005_2,2,2,NA
71_1005_2,2,3,NA
71_1005_3,3,1,NA
71_1005_3,3,2,NA
71_1005_3,3,3,NA
71_1005_4,4,1,NA
71_1005_4,4,2,NA
71_1005_4,4,3,NA
71_1005_5,5,1,NA
71_1005_5,5,2,NA
71_1005_5,5,3,NA
71_1005_6,6,1,NA
71_1005_6,6,2,NA
71_1005_6,6,3,NA
71_1005_7,7,1,NA
71_1005_7,7,2,NA
71_1005_7,7,3,NA
71_1005_8,8,1,NA
71_1005_8,8,2,NA
71_1005_8,8,3,NA
72_1006_1,1,1,NA
72_1006_1,1,2,NA
72_1006_1,1,3,NA
72_1006_2,2,1,NA
72_1006_2,2,2,NA
72_1006_2,2,3,NA
72_1006_3,3,1,NA
72_1006_3,3,2,NA
72_1006_3,3,3,NA
72_1006_4,4,1,NA
72_1006_4,4,2,NA
72_1006_4,4,3,NA
72_1006_5,5,1,NA
72_1006_5,5,2,NA
72_1006_5,5,3,NA
72_1006_6,6,1,NA
72_1006_6,6,2,NA
72_1006_6,6,3,NA
72_1006_7,7,1,NA
72_1006_7,7,2,NA
72_1006_7,7,3,NA
72_1006_8,8,1,NA
72_1006_8,8,2,NA
72_1006_8,8,3,NA
76_umi_no_mori_1,1,1,NA
76_umi_no_mori_1,1,2,NA
76_umi_no_mori_1,1,3,NA
76_umi_no_mori_2,2,1,NA
76_umi_no_mori_2,2,2,NA
76_umi_no_mori_2,2,3,NA
76_umi_no_mori_3,3,1,NA
76_umi_no_mori_3,3,2,NA
76_umi_no_mori_3,3,3,NA
76_umi_no_mori_4,4,1,NA
76_umi_no_mori_4,4,2,NA
76_umi_no_mori_4,4,3,NA
76_umi_no_mori_5,5,1,NA
76_umi_no_mori_5,5,2,NA
76_umi_no_mori_5,5,3,NA
76_umi_no_mori_6,6,1,NA
76_umi_no_mori_6,6,2,NA
76_umi_no_mori_6,6,3,NA
76_umi_no_mori_7,7,1,NA
76_umi_no_mori_7,7,2,NA
76_umi_no_mori_7,7,3,NA
76_umi_no_mori_8,8,1,NA
76_umi_no_mori_8,8,2,NA
76_umi_no_mori_8,8,3,NA
78_bambooblue_1,1,1,NA
78_bambooblue_1,1,2,NA
78_bambooblue_1,1,3,NA
78_bambooblue_2,2,1,NA
78_bambooblue_2,2,2,NA
78_bambooblue_2,2,3,NA
78_bambooblue_3,3,1,NA
78_bambooblue_3,3,2,NA
78_bambooblue_3,3,3,NA
78_bambooblue_4,4,1,NA
78_bambooblue_4,4,2,NA
78_bambooblue_4,4,3,NA
78_bambooblue_5,5,1,NA
78_bambooblue_5,5,2,NA
78_bambooblue_5,5,3,NA
78_bambooblue_6,6,1,NA
78_bambooblue_6,6,2,NA
78_bambooblue_6,6,3,NA
78_bambooblue_7,7,1,NA
78_bambooblue_7,7,2,NA
78_bambooblue_7,7,3,NA
78_bambooblue_8,8,1,NA
78_bambooblue_8,8,2,NA
78_bambooblue_8,8,3,NA
82_hana_hana87_1,1,1,NA
82_hana_hana87_1,1,2,NA
82_hana_hana87_1,1,3,NA
82_hana_hana87_2,2,1,NA
82_hana_hana87_2,2,2,NA
82_hana_hana87_2,2,3,NA
82_hana_hana87_3,3,1,NA
82_hana_hana87_3,3,2,NA
82_hana_hana87_3,3,3,NA
82_hana_hana87_4,4,1,NA
82_hana_hana87_4,4,2,NA
82_hana_hana87_4,4,3,NA
82_hana_hana87_5,5,1,NA
82_hana_hana87_5,5,2,NA
82_hana_hana87_5,5,3,NA
82_hana_hana87_6,6,1,NA
82_hana_hana87_6,6,2,NA
82_hana_hana87_6,6,3,NA
82_hana_hana87_7,7,1,NA
82_hana_hana87_7,7,2,NA
82_hana_hana87_7,7,3,NA
82_hana_hana87_8,8,1,NA
82_hana_hana87_8,8,2,NA
82_hana_hana87_8,8,3,NA
8_9001_1,1,1,NA
8_9001_1,1,2,NA
8_9001_1,1,3,NA
8_9001_2,2,1,NA
8_9001_2,2,2,NA
8_9001_2,2,3,NA
8_9001_3,3,1,NA
8_9001_3,3,2,NA
8_9001_3,3,3,NA
8_9001_4,4,1,NA
8_9001_4,4,2,NA
8_9001_4,4,3,NA
8_9001_5,5,1,NA
8_9001_5,5,2,NA
8_9001_5,5,3,NA
8_9001_6,6,1,NA
8_9001_6,6,2,NA
8_9001_6,6,3,NA
8_9001_7,7,1,NA
8_9001_7,7,2,NA
8_9001_7,7,3,NA
8_9001_8,8,1,NA
8_9001_8,8,2,NA
8_9001_8,8,3,NA
91_1007_1,1,1,NA
91_1007_1,1,2,NA
91_1007_1,1,3,NA
91_1007_2,2,1,NA
91_1007_2,2,2,NA
91_1007_2,2,3,NA
91_1007_3,3,1,NA
91_1007_3,3,2,NA
91_1007_3,3,3,NA
91_1007_4,4,1,NA
91_1007_4,4,2,NA
91_1007_4,4,3,NA
91_1007_5,5,1,NA
91_1007_5,5,2,NA
91_1007_5,5,3,NA
91_1007_6,6,1,NA
91_1007_6,6,2,NA
91_1007_6,6,3,NA
91_1007_7,7,1,NA
91_1007_7,7,2,NA
91_1007_7,7,3,NA
91_1007_8,8,1,NA
91_1007_8,8,2,NA
91_1007_8,8,3,NA
92_nishi_255_1,1,1,NA
92_nishi_255_1,1,2,NA
92_nishi_255_1,1,3,NA
92_nishi_255_2,2,1,NA
92_nishi_255_2,2,2,NA
92_nishi_255_2,2,3,NA
92_nishi_255_3,3,1,NA
92_nishi_255_3,3,2,NA
92_nishi_255_3,3,3,NA
92_nishi_255_4,4,1,NA
92_nishi_255_4,4,2,NA
92_nishi_255_4,4,3,NA
92_nishi_255_5,5,1,NA
92_nishi_255_5,5,2,NA
92_nishi_255_5,5,3,NA
92_nishi_255_6,6,1,NA
92_nishi_255_6,6,2,NA
92_nishi_255_6,6,3,NA
92_nishi_255_7,7,1,NA
92_nishi_255_7,7,2,NA
92_nishi_255_7,7,3,NA
92_nishi_255_8,8,1,NA
92_nishi_255_8,8,2,NA
92_nishi_255_8,8,3,NA